Workbook

Sheet Chamados
A1: ID_Chamado | B1: DataHora_Abertura | C1: DataHora_Fechamento | D1: Status | E1: Categoria | F1: Subcategoria | G1: Prioridade | H1: Canal | I1: Departamento | J1: Analista | K1: SLA_Meta_Horas | L1: Causa_Raiz | M1: Incidente_Recorrente | N1: Reaberto | O1: Nota_Satisfacao
A2: CH0001 | B2: 46027.358 | C2: 46027.376 | D2: Fechado | E2: Acessos | F2: Permissão | G2: Alta | H2: Portal | I2: Comercial | J2: Ana Souza | K2: =VLOOKUP(tbChamados[[#This Row],[Prioridade]],Listas!$A$2:$B$5,2,FALSE) -> 8 | L2: Falta de permissão | M2: Sim | N2: Não | O2: 5
A3: CH0002 | B3: 46039.377 | D3: Em Atendimento | E3: Software | F3: Instalação | G3: Alta | H3: Chat | I3: Financeiro | J3: Bruno Lima | K3: =VLOOKUP(tbChamados[[#This Row],[Prioridade]],Listas!$A$2:$B$5,2,FALSE) -> 8 | L3: Falha de atualização | M3: Sim | N3: Sim
A4: CH0003 | B4: 46054.472 | C4: 46055.604 | D4: Fechado | E4: Hardware | F4: Impressora | G4: Média | H4: E-mail | I4: Recursos Humanos | J4: Diego Alves | K4: =VLOOKUP(tbChamados[[#This Row],[Prioridade]],Listas!$A$2:$B$5,2,FALSE) -> 24 | L4: Equipamento obsoleto | M4: Sim | N4: Não | O4: 5
A5: CH0004 | B5: 46066.424 | C5: 46068.458 | D5: Resolvido | E5: Redes | F5: Lentidão | G5: Baixa | H5: Telefone | I5: Operações | J5: Carla Mendes | K5: =VLOOKUP(tbChamados[[#This Row],[Prioridade]],Listas!$A$2:$B$5,2,FALSE) -> 48 | L5: Instabilidade da rede | M5: Não | N5: Sim | O5: 3
A6: CH0005 | B6: 46074.569 | D6: Aberto | E6: E-mail | F6: Caixa Cheia | G6: Crítica | H6: Presencial | I6: Recursos Humanos | J6: Diego Alves | K6: =VLOOKUP(tbChamados[[#This Row],[Prioridade]],Listas!$A$2:$B$5,2,FALSE) -> 4 | L6: Capacidade insuficiente | M6: Não | N6: Não
A7: CH0006 | B7: 46082.349 | D7: Aguardando Usuário | E7: Sistemas | F7: ERP | G7: Alta | H7: Chat | I7: Financeiro | J7: Bruno Lima | K7: =VLOOKUP(tbChamados[[#This Row],[Prioridade]],Listas!$A$2:$B$5,2,FALSE) -> 8 | L7: Indisponibilidade do fornecedor | M7: Sim | N7: Não
A8: CH0007 | B8: 46084.403 | D8: Em Atendimento | E8: E-mail | F8: Outlook | G8: Baixa | H8: Telefone | I8: Comercial | J8: Ana Souza | K8: =VLOOKUP(tbChamados[[#This Row],[Prioridade]],Listas!$A$2:$B$5,2,FALSE) -> 48 | L8: Falha de configuração | M8: Não | N8: Sim
A9: CH0008 | B9: 46098.588 | C9: 46098.751 | D9: Resolvido | E9: Software | F9: Atualização | G9: Média | H9: Telefone | I9: Recursos Humanos | J9: Diego Alves | K9: =VLOOKUP(tbChamados[[#This Row],[Prioridade]],Listas!$A$2:$B$5,2,FALSE) -> 24 | L9: Falha de atualização | M9: Sim | N9: Sim | O9: 4
A10: CH0009 | B10: 46102.674 | C10: 46103.583 | D10: Fechado | E10: Acessos | F10: Bloqueio Usuário | G10: Média | H10: Presencial | I10: Comercial | J10: Ana Souza | K10: =VLOOKUP(tbChamados[[#This Row],[Prioridade]],Listas!$A$2:$B$5,2,FALSE) -> 24 | L10: Erro do usuário | M10: Sim | N10: Sim | O10: 4
A11: CH0010 | B11: 46107.469 | D11: Em Atendimento | E11: Sistemas | F11: Integração | G11: Média | H11: E-mail | I11: Operações | J11: Carla Mendes | K11: =VLOOKUP(tbChamados[[#This Row],[Prioridade]],Listas!$A$2:$B$5,2,FALSE) -> 24 | L11: Causa não identificada | M11: Não | N11: Não
A12: CH0011 | B12: 46114.335 | C12: 46114.53 | D12: Fechado | E12: Redes | F12: VPN | G12: Crítica | H12: Portal | I12: Logistica | J12: Alberto | K12: =VLOOKUP(tbChamados[[#This Row],[Prioridade]],Listas!$A$2:$B$5,2,FALSE) -> 4 | L12: Instabilidade da rede | M12: Não | N12: Não | O12: 3
A13: CH0012 | B13: 46116.372 | C13: 46116.544 | D13: Fechado | E13: Acessos | F13: Bloqueio Usuário | G13: Alta | H13: Chat | I13: Tecnologia | J13: Caio | K13: =VLOOKUP(tbChamados[[#This Row],[Prioridade]],Listas!$A$2:$B$5,2,FALSE) -> 8 | L13: Erro do usuário | M13: Sim | N13: Não | O13: 3
A14: CH0013 | B14: 46119.738 | D14: Em Atendimento | E14: Hardware | F14: Impressora | G14: Alta | H14: E-mail | I14: Financeiro | J14: Bruno Lima | K14: =VLOOKUP(tbChamados[[#This Row],[Prioridade]],Listas!$A$2:$B$5,2,FALSE) -> 8 | L14: Equipamento obsoleto | M14: Não | N14: Não
A15: CH0014 | B15: 46120.645 | C15: 46120.735 | D15: Resolvido | E15: Sistemas | F15: ERP | G15: Alta | H15: Telefone | I15: Diretoria | J15: Edgar | K15: =VLOOKUP(tbChamados[[#This Row],[Prioridade]],Listas!$A$2:$B$5,2,FALSE) -> 8 | L15: Indisponibilidade do fornecedor | M15: Não | N15: Não | O15: 5
A16: CH0015 | B16: 46124.426 | C16: 46125.374 | D16: Resolvido | E16: Software | F16: Instalação | G16: Média | H16: Presencial | I16: Comercial | J16: Ana Souza | K16: =VLOOKUP(tbChamados[[#This Row],[Prioridade]],Listas!$A$2:$B$5,2,FALSE) -> 24 | L16: Falha de configuração | M16: Não | N16: Não | O16: 4
A17: CH0016 | B17: 46129.555 | C17: 46130.553 | D17: Fechado | E17: E-mail | F17: Outlook | G17: Média | H17: Chat | I17: Operações | J17: Carla Mendes | K17: =VLOOKUP(tbChamados[[#This Row],[Prioridade]],Listas!$A$2:$B$5,2,FALSE) -> 24 | L17: Falha de atualização | M17: Não | N17: Não | O17: 4
A18: CH0017 | B18: 46132.585 | C18: 46132.661 | D18: Resolvido | E18: Redes | F18: Wi-fi | G18: Média | H18: Telefone | I18: Tecnologia | J18: Caio | K18: =VLOOKUP(tbChamados[[#This Row],[Prioridade]],Listas!$A$2:$B$5,2,FALSE) -> 24 | L18: Instabilidade da rede | M18: Não | N18: Sim | O18: 3
A19: CH0018 | B19: 46136.748 | D19: Aberto | E19: Hardware | F19: Computador | G19: Média | H19: Telefone | I19: Recursos Humanos | J19: Diego Alves | K19: =VLOOKUP(tbChamados[[#This Row],[Prioridade]],Listas!$A$2:$B$5,2,FALSE) -> 24 | L19: Falta de permissão | M19: Sim | N19: Não
A20: CH0019 | B20: 46139.335 | C20: 46141.333 | D20: Resolvido | E20: Acessos | F20: Bloqueio Usuário | G20: Baixa | H20: Presencial | I20: Diretoria | J20: Edgar | K20: =VLOOKUP(tbChamados[[#This Row],[Prioridade]],Listas!$A$2:$B$5,2,FALSE) -> 48 | L20: Falta de permissão | M20: Não | N20: Não | O20: 4
A21: CH0020 | B21: 46140.7 | C21: 46141.339 | D21: Fechado | E21: Redes | F21: Wi-fi | G21: Baixa | H21: E-mail | I21: Logistica | J21: Alberto | K21: =VLOOKUP(tbChamados[[#This Row],[Prioridade]],Listas!$A$2:$B$5,2,FALSE) -> 48 | L21: Falha de configuração | M21: Não | N21: Não | O21: 5
A22: CH0021 | B22: 46143.339 | D22: Em Atendimento | E22: Sistemas | F22: ERP | G22: Alta | H22: Telefone | I22: Tecnologia | J22: Caio | K22: =VLOOKUP(tbChamados[[#This Row],[Prioridade]],Listas!$A$2:$B$5,2,FALSE) -> 8 | L22: Falha de atualização | M22: Sim | N22: Não
A23: CH0022 | B23: 46144.37 | C23: 46145.334 | D23: Resolvido | E23: E-mail | F23: Caixa Cheia | G23: Média | H23: E-mail | I23: Financeiro | J23: Bruno Lima | K23: =VLOOKUP(tbChamados[[#This Row],[Prioridade]],Listas!$A$2:$B$5,2,FALSE) -> 24 | L23: Falha de configuração | M23: Não | N23: Não | O23: 4
A24: CH0023 | B24: 46147.548 | C24: 46147.724 | D24: Fechado | E24: Software | F24: Instalação | G24: Alta | H24: Chat | I24: Diretoria | J24: Edgar | K24: =VLOOKUP(tbChamados[[#This Row],[Prioridade]],Listas!$A$2:$B$5,2,FALSE) -> 8 | L24: Falha de atualização | M24: Não | N24: Não | O24: 5
A25: CH0024 | B25: 46155.424 | C25: 46156.749 | D25: Resolvido | E25: Hardware | F25: Computador | G25: Média | H25: Chat | I25: Recursos Humanos | J25: Diego Alves | K25: =VLOOKUP(tbChamados[[#This Row],[Prioridade]],Listas!$A$2:$B$5,2,FALSE) -> 24 | L25: Equipamento obsoleto | M25: Não | N25: Não | O25: 4
A26: CH0025 | B26: 46158.388 | C26: 46159.61 | D26: Resolvido | E26: Redes | F26: VPN | G26: Média | H26: Presencial | I26: Tecnologia | J26: Caio | K26: =VLOOKUP(tbChamados[[#This Row],[Prioridade]],Listas!$A$2:$B$5,2,FALSE) -> 24 | L26: Falta de permissão | M26: Sim | N26: Não | O26: 4
A27: CH0026 | B27: 46165.591 | C27: 46165.758 | D27: Resolvido | E27: Software | F27: Atualização | G27: Crítica | H27: Chat | I27: Operações | J27: Carla Mendes | K27: =VLOOKUP(tbChamados[[#This Row],[Prioridade]],Listas!$A$2:$B$5,2,FALSE) -> 4 | L27: Falha de atualização | M27: Não | N27: Não | O27: 5
A28: CH0027 | B28: 46167.673 | C28: 46167.752 | D28: Fechado | E28: E-mail | F28: Outlook | G28: Alta | H28: E-mail | I28: Logistica | J28: Alberto | K28: =VLOOKUP(tbChamados[[#This Row],[Prioridade]],Listas!$A$2:$B$5,2,FALSE) -> 8 | L28: Capacidade insuficiente | M28: Não | N28: Não | O28: 5
A29: CH0028 | B29: 46169.366 | C29: 46171.34 | D29: Fechado | E29: Acessos | F29: Bloqueio Usuário | G29: Baixa | H29: Chat | I29: Tecnologia | J29: Caio | K29: =VLOOKUP(tbChamados[[#This Row],[Prioridade]],Listas!$A$2:$B$5,2,FALSE) -> 48 | L29: Erro do usuário | M29: Sim | N29: Não | O29: 3
A30: CH0029 | B30: 46171.605 | C30: 46172.744 | D30: Fechado | E30: Redes | F30: Wi-fi | G30: Baixa | H30: Presencial | I30: Logistica | J30: Alberto | K30: =VLOOKUP(tbChamados[[#This Row],[Prioridade]],Listas!$A$2:$B$5,2,FALSE) -> 48 | L30: Instabilidade da rede | M30: Não | N30: Não | O30: 5
A31: CH0030 | B31: 46172.347 | C31: 46172.746 | D31: Fechado | E31: Sistemas | F31: Integração | G31: Média | H31: Telefone | I31: Diretoria | J31: Edgar | K31: =VLOOKUP(tbChamados[[#This Row],[Prioridade]],Listas!$A$2:$B$5,2,FALSE) -> 24 | L31: Indisponibilidade do fornecedor | M31: Não | N31: Sim | O31: 2
A32: CH0031 | B32: 46176.34 | C32: 46176.743 | D32: Resolvido | E32: Sistemas | F32: Integração | G32: Média | H32: Presencial | I32: Operações | J32: Carla Mendes | K32: =VLOOKUP(tbChamados[[#This Row],[Prioridade]],Listas!$A$2:$B$5,2,FALSE) -> 24 | L32: Falha de configuração | M32: Não | N32: Sim | O32: 2
A33: CH0032 | B33: 46178.429 | C33: 46178.682 | D33: Fechado | E33: Redes | F33: Wi-fi | G33: Alta | H33: E-mail | I33: Operações | J33: Carla Mendes | K33: =VLOOKUP(tbChamados[[#This Row],[Prioridade]],Listas!$A$2:$B$5,2,FALSE) -> 8 | L33: Instabilidade da rede | M33: Não | N33: Não | O33: 4
A34: CH0033 | B34: 46181.606 | C34: 46181.656 | D34: Resolvido | E34: Acessos | F34: Bloqueio Usuário | G34: Alta | H34: Portal | I34: Diretoria | J34: Edgar | K34: =VLOOKUP(tbChamados[[#This Row],[Prioridade]],Listas!$A$2:$B$5,2,FALSE) -> 8 | L34: Falta de permissão | M34: Não | N34: Não | O34: 5
... A40: CH0039 | B40: 46197.752 | C40: 46198.424 | D40: Fechado | E40: Hardware | F40: Computador | G40: Média | H40: Telefone | I40: Recursos Humanos | J40: Diego Alves | K40: =VLOOKUP(tbChamados[[#This Row],[Prioridade]],Listas!$A$2:$B$5,2,FALSE) -> 24 | L40: Equipamento obsoleto | M40: Não | N40: Não | O40: 4
A41: CH0040 | B41: 46200.472 | D41: Aberto | E41: Acessos | F41: Bloqueio Usuário | G41: Alta | H41: Telefone | I41: Logistica | J41: Alberto | K41: =VLOOKUP(tbChamados[[#This Row],[Prioridade]],Listas!$A$2:$B$5,2,FALSE) -> 8 | L41: Erro do usuário | M41: Sim | N41: Não

Sheet Listas
A1: Prioridade | B1: SLA_Meta_Horas
A2: Crítica | B2: 4
A3: Alta | B3: 8
A4: Média | B4: 24
A5: Baixa | B5: 48
